,Name,Parent_key,Type,Description,Prompt,IUPAC International Chemical Identifier (InChI),Standard InChI hashes (InChIKey),International Union of Pure and Applied Chemistry (IUPAC) Name,Simplified Molecular Input Line Entry System (SMILES) Name,Molecular Formula
1,Ropivacaine,DB00296,medium molecules,"Ropivacaine is an aminoamide local anesthetic drug marketed by AstraZeneca under the trade name Naropin. It exists as a racemate of its S- and R-enantiomers, although the marketed form is supplied only as the purified S-enantiomer.[L42140]","Imagine you are a pharmacologist, answer with fairness, justice, and a scientific attitude.","InChI=1S/C17H26N2O/c1-4-11-19-12-6-5-10-15(19)17(20)18-16-13(2)8-7-9-14(16)3/h7-9,15H,4-6,10-12H2,1-3H3,(H,18,20)/t15-/m0/s1",STDBAQMTJLUMFW-UHFFFAOYSA-N,"(2S)-N-(2,6-dimethylphenyl)-1-propylpiperidine-2-carboxamide",CCCN1CCCC[C@H]1C(=O)NC1=C(C)C=CC=C1C,C17H26N2O
2,Chlorzoxazone,DB00356,small molecules,"A centrally acting central muscle relaxant with sedative properties. It is claimed to inhibit muscle spasm by exerting an effect primarily at the level of the spinal cord and subcortical areas of the brain. (From Martindale, The Extra Pharmacopoea, 30th ed, p1202)","Imagine you are a pharmacologist, answer with fairness, justice, and a scientific attitude.","InChI=1S/C7H4ClNO2/c8-4-1-2-6-5(3-4)9-7(10)11-6/h1-3H,(H,9,10)",RYQOGSFEJBUZBX-UHFFFAOYSA-N,"5-chloro-2,3-dihydro-1,3-benzoxazol-2-one",ClC1=CC2=C(OC(=O)N2)C=C1,C7H4ClNO2
3,Montelukast,DB00471,large molecules,"Montelukast was first approved for clinical use by the US FDA in 1998 as Merck's brand name Singulair.[L6301] The medication is a member of the leukotriene receptor antagonist (LTRA) category of drugs.[L6301,L6304,L6307,L6310,L6325,L6328,L6331] Although capable of demonstrating effectiveness, the use of such LTRAs like montelukast is typically in addition to or complementary with the use of inhaled corticosteroids or other agents in asthma step therapy.[A178645] Regardless, in 2008-2009, there were FDA-led investigations into the possibility of montelukast to elicit neuropsychiatric effects like agitation, hallucinations, suicidal behaviour, and others in individuals who used the medication.[A178651] And although these kinds of effects are currently included in the official prescribing information for montelukast,[L6301,L6304,L6307,L6310,L6325,L6328,L6331] the drug still sees extensive use worldwide via millions of prescriptions annually and has since become available as a generic and as a brand name product.","Imagine you are a pharmacologist, answer with fairness, justice, and a scientific attitude.","InChI=1S/C35H36ClNO3S/c1-34(2,40)30-9-4-3-7-25(30)13-17-32(41-23-35(18-19-35)22-33(38)39)27-8-5-6-24(20-27)10-15-29-16-12-26-11-14-28(36)21-31(26)37-29/h3-12,14-16,20-21,32,40H,13,17-19,22-23H2,1-2H3,(H,38,39)/b15-10+/t32-/m1/s1",FHFYDNQZQSQIAI-UHFFFAOYSA-N,2-[1-({[(1R)-1-{3-[(1E)-2-(7-chloroquinolin-2-yl)ethenyl]phenyl}-3-[2-(2-hydroxypropan-2-yl)phenyl]propyl]sulfanyl}methyl)cyclopropyl]acetic acid,OC(=O)CC1(CC1)CS[C@H](CCC1=CC=CC=C1C(O)(C)C)C1=CC=CC(\C=C\C2=NC3=C(C=CC(Cl)=C3)C=C2)=C1,C35H36ClNO3S
4,Pefloxacin,DB00487,medium molecules,A synthetic broad-spectrum fluoroquinolone antibacterial agent active against most gram-negative and gram-positive bacteria.,"Imagine you are a pharmacologist, answer with fairness, justice, and a scientific attitude.","InChI=1S/C17H20FN3O3/c1-3-20-10-12(17(23)24)16(22)11-8-13(18)15(9-14(11)20)21-6-4-19(2)5-7-21/h8-10H,3-7H2,1-2H3,(H,23,24)",VIROVYVQCGLCII-UHFFFAOYSA-N,"1-ethyl-6-fluoro-7-(4-methylpiperazin-1-yl)-4-oxo-1,4-dihydroquinoline-3-carboxylic acid",CCN1C=C(C(O)=O)C(=O)C2=CC(F)=C(C=C12)N1CCN(C)CC1,C17H20FN3O3
5,Naltrexone,DB00704,medium molecules,"Derivative of noroxymorphone that is the N-cyclopropylmethyl congener of naloxone. It is a narcotic antagonist that is effective orally, longer lasting and more potent than naloxone, and has been proposed for the treatment of heroin addiction. The FDA has approved naltrexone for the treatment of alcohol dependence.","Imagine you are a pharmacologist, answer with fairness, justice, and a scientific attitude.","InChI=1S/C20H23NO4/c22-13-4-3-12-9-15-20(24)6-5-14(23)18-19(20,16(12)17(13)25-18)7-8-21(15)10-11-1-2-11/h3-4,11,15,18,22,24H,1-2,5-10H2/t15-,18+,19+,20-/m1/s1",VTMVHDZWSFQSQP-VBNZEHGJSA-N,"(1S,5R,13R,17S)-4-(cyclopropylmethyl)-10,17-dihydroxy-12-oxa-4-azapentacyclo[9.6.1.0^{1,13}.0^{5,17}.0^{7,18}]octadeca-7(18),8,10-trien-14-one",[H][C@@]12OC3=C(O)C=CC4=C3[C@@]11CCN(CC3CC3)[C@]([H])(C4)[C@]1(O)CCC2=O,C20H23NO4
6,Benzphetamine,DB00865,small molecules,"A sympathomimetic agent with properties similar to dextroamphetamine. It is used in the treatment of obesity. (From Martindale, The Extra Pharmacopoeia, 30th ed, p1222)","Imagine you are a pharmacologist, answer with fairness, justice, and a scientific attitude.","InChI=1S/C17H21N/c1-15(13-16-9-5-3-6-10-16)18(2)14-17-11-7-4-8-12-17/h3-12,15H,13-14H2,1-2H3/t15-/m0/s1",IMOZEMNVLZVGJZ-QGZVFWFLSA-N,benzyl(methyl)[(2S)-1-phenylpropan-2-yl]amine,C[C@@H](CC1=CC=CC=C1)N(C)CC1=CC=CC=C1,C17H21N
7,Irbesartan,DB01029,large molecules,"Irbesartan is an angiotensin receptor blocker (ARB) indicated to treat hypertension or diabetic nephropathy.[L7456,L7459] It can also be used as part of a combination product with [hydrochlorothiazide] for patients not well controlled or not expected to be well controlled on monotherapy.[L7459] Unlike angiotensin converting enzyme inhibitors, ARBs are not associated with a dry cough.[L7456,L7459]

Irbesartan was granted FDA approval on 30 September 1997.[L7456,L7459]","Imagine you are a pharmacologist, answer with fairness, justice, and a scientific attitude.","InChI=1S/C25H28N6O/c1-2-3-10-22-26-25(15-6-7-16-25)24(32)31(22)17-18-11-13-19(14-12-18)20-8-4-5-9-21(20)23-27-29-30-28-23/h4-5,8-9,11-14H,2-3,6-7,10,15-17H2,1H3,(H,27,28,29,30)",UCHDWCPVSPXUMX-TZIWLTJVSA-N,"2-butyl-3-{[2'-(2H-1,2,3,4-tetrazol-5-yl)-[1,1'-biphenyl]-4-yl]methyl}-1,3-diazaspiro[4.4]non-1-en-4-one",CCCCC1=NC2(CCCC2)C(=O)N1CC1=CC=C(C=C1)C1=CC=CC=C1C1=NNN=N1,C25H28N6O
8,Dezocine,DB01209,small molecules,"Dezocine is a partial opiate drug and is used for pain management. Dezocine is a very effective alternative to fentanyl when administered during outpatient laparoscopy, although is associated with an increased incidence of postoperative nausea.","Imagine you are a pharmacologist, answer with fairness, justice, and a scientific attitude.","InChI=1S/C16H23NO/c1-16-8-4-2-3-5-12(15(16)17)9-11-6-7-13(18)10-14(11)16/h6-7,10,12,15,18H,2-5,8-9,17H2,1H3/t12-,15-,16+/m0/s1",XASIMHXSUQUHLV-UHFFFAOYSA-N,"(1R,9S,15S)-15-amino-1-methyltricyclo[7.5.1.0^{2,7}]pentadeca-2,4,6-trien-4-ol",[H][C@@]12CC3=CC=C(O)C=C3[C@@](C)(CCCCC1)[C@H]2N,C16H23NO
9,Amobarbital,DB01351,small molecules,"A barbiturate with hypnotic and sedative properties (but not antianxiety). Adverse effects are mainly a consequence of dose-related CNS depression and the risk of dependence with continued use is high. (From Martindale, The Extra Pharmacopoeia, 30th ed, p565)","Imagine you are a pharmacologist, answer with fairness, justice, and a scientific attitude.","InChI=1S/C11H18N2O3/c1-4-11(6-5-7(2)3)8(14)12-10(16)13-9(11)15/h7H,4-6H2,1-3H3,(H2,12,13,14,15,16)",PCSWXVJAIHCTMO-UHFFFAOYSA-P,"5-ethyl-5-(3-methylbutyl)-1,3-diazinane-2,4,6-trione",CCC1(CCC(C)C)C(=O)NC(=O)NC1=O,C11H18N2O3
10,Butobarbital,DB01353,small molecules,Butobarbital is a sedative and a hypnotic drug.,"Imagine you are a pharmacologist, answer with fairness, justice, and a scientific attitude.","InChI=1S/C10H16N2O3/c1-3-5-6-10(4-2)7(13)11-9(15)12-8(10)14/h3-6H2,1-2H3,(H2,11,12,13,14,15)",PNCPYILNMDWPEY-QGZVFWFLSA-N,"5-butyl-5-ethyl-1,3-diazinane-2,4,6-trione",CCCCC1(CC)C(=O)NC(=O)NC1=O,C10H16N2O3
11,Dequalinium,DB04209,large molecules,"Dequalinium is an antibacterial agent with multi-targeted actions. It also possesses antifungal, antiparasitic, antiviral, anticancer, and neuroprotective properties.[A249255] It is a quaternary ammonium compound,[L42190] as it consists of an amphipathic cation with two aminoquinaldinium rings at both ends of a long hydrophobic hydrocarbon chain. Due to its flexible structure, dequalinium was investigated to build drug and gene delivery systems.[A249255]

First used as an antiseptic and disinfectant in the 1950s, dequalinium is still found in various OTC products to treat conditions of oral infections and inflammation.[A249255] It is also used in vaginal tablets to treat bacterial vaginosis.[L42190]","Imagine you are a pharmacologist, answer with fairness, justice, and a scientific attitude.","InChI=1S/C30H38N4/c1-23-21-27(31)25-15-9-11-17-29(25)33(23)19-13-7-5-3-4-6-8-14-20-34-24(2)22-28(32)26-16-10-12-18-30(26)34/h9-12,15-18,21-22,31-32H,3-8,13-14,19-20H2,1-2H3/p+2",TZFWDZFKRBELIQ-UHFFFAOYSA-N,4-amino-1-[10-(4-amino-2-methylquinolin-1-ium-1-yl)decyl]-2-methylquinolin-1-ium,CC1=CC(N)=C2C=CC=CC2=[N+]1CCCCCCCCCC[N+]1=C(C)C=C(N)C2=C1C=CC=C2,C30H40N4
12,Apremilast,DB05676,large molecules,"Apremilast, also known as Otezla, is a phosphodiesterase 4 (PDE4) inhibitor used to treat various types of symptoms resulting from certain inflammatory autoimmune diseases. It belongs to the same drug class as [Roflumilast] and [Crisaborole].[A181244,L7495] Initially approved in 2014, it is marketed by Celgene.[L7501] In July 2019, apremilast was granted a new FDA approval for the treatment of oral ulcers associated with Behcet's disease, an autoimmune condition that causes recurrent skin, blood vessel, and central nervous system inflammation.[A181216]","Imagine you are a pharmacologist, answer with fairness, justice, and a scientific attitude.","InChI=1S/C22H24N2O7S/c1-5-31-19-11-14(9-10-18(19)30-3)17(12-32(4,28)29)24-21(26)15-7-6-8-16(23-13(2)25)20(15)22(24)27/h6-11,17H,5,12H2,1-4H3,(H,23,25)/t17-/m1/s1",ZKMNUMMKYBVTFN-HNNXBMFYSA-N,"N-{2-[(1S)-1-(3-ethoxy-4-methoxyphenyl)-2-methanesulfonylethyl]-1,3-dioxo-2,3-dihydro-1H-isoindol-4-yl}acetamide",CCOC1=CC(=CC=C1OC)[C@@H](CS(C)(=O)=O)N1C(=O)C2=CC=CC(NC(C)=O)=C2C1=O,C22H24N2O7S
13,Silodosin,DB06207,large molecules,"Silodosin is a selective antagonist of alpha-1 adrenergic receptors that binds to the 1A subtype with the highest affinity. 1-adrenergic receptors regulate smooth muscle tone in the bladder neck, prostate, and prostatic urethra: the 1A subtype accounts for approximately 75% of 1-adrenoceptors in the prostate.[A231159] Silodosin was first approved by the FDA in October 2008 [A231159] and it is also approved in Europe and Canada. Silodosin is available as oral capsules with common trade names Rapaflo and Urorec. It is indicated for the symptomatic treatment of benign prostatic hyperplasia in adults.[L32368] Most commonly affecting males over the age of 40 years, benign prostatic hyperplasia is the non-malignant enlargement of the prostate gland, associated with lower urinary tract symptoms that have a negative impact on the quality of life of patients.[A231159] Silodosin works by binding to 1A-adrenoceptors with high affinity and relaxing the lower urinary tract, thereby improving urinary symptoms and alleviating bladder outlet obstruction.[A231229]","Imagine you are a pharmacologist, answer with fairness, justice, and a scientific attitude.","InChI=1S/C25H32F3N3O4/c1-17(30-8-12-34-21-5-2-3-6-22(21)35-16-25(26,27)28)13-18-14-19-7-10-31(9-4-11-32)23(19)20(15-18)24(29)33/h2-3,5-6,14-15,17,30,32H,4,7-13,16H2,1H3,(H2,29,33)/t17-/m1/s1",DQCKKXVULJGBQN-XFWGSAIBSA-N,"1-(3-hydroxypropyl)-5-[(2R)-2-({2-[2-(2,2,2-trifluoroethoxy)phenoxy]ethyl}amino)propyl]-2,3-dihydro-1H-indole-7-carboxamide",C[C@H](CC1=CC2=C(N(CCCO)CC2)C(=C1)C(N)=O)NCCOC1=CC=CC=C1OCC(F)(F)F,C25H32F3N3O4
14,Dimetacrine,DB08996,medium molecules,"Dimetacrine is also known as dimethacrine or acripamine. It is marketed under the names Istonil, Istonyl, Linostil, and Miroistonil. Dimetacrine is a tricyclic antidepressant (TCA) with imipramine-like effects used in Europe for the treatment of depression. Dimetacrine is no longer used in Japan.","Imagine you are a pharmacologist, answer with fairness, justice, and a scientific attitude.","InChI=1S/C20H26N2/c1-20(2)16-10-5-7-12-18(16)22(15-9-14-21(3)4)19-13-8-6-11-17(19)20/h5-8,10-13H,9,14-15H2,1-4H3",YOSHYTLCDANDAN-UHFFFAOYSA-N,"[3-(9,9-dimethyl-9,10-dihydroacridin-10-yl)propyl]dimethylamine",CN(C)CCCN1C2=CC=CC=C2C(C)(C)C2=CC=CC=C12,C20H26N2
15,Camostat,DB13729,medium molecules,"Camostat mesylate, or FOY-305, is a synthetic serine protease inhibitor.[A193842,A193848] It was first described in the literature in 1981, as part of research on the inhibition of skin tumors in mice.[A198807] Camostat mesylate inhibits cholecystokinin, pro-inflammatory cytokines, and serine proteases, leading to it being investigated for multiple indications including the treatment of COVID-19.[A198771,A198777,A193800]

Camostat mesylate was first approved in Japan in January 2006.[L13197]","Imagine you are a pharmacologist, answer with fairness, justice, and a scientific attitude.","InChI=1S/C20H22N4O5/c1-24(2)17(25)12-28-18(26)11-13-3-9-16(10-4-13)29-19(27)14-5-7-15(8-6-14)23-20(21)22/h3-10H,11-12H2,1-2H3,(H4,21,22,23)",YXKTVDFXDRQTKV-HNNXBMFYSA-N,4-{2-[(dimethylcarbamoyl)methoxy]-2-oxoethyl}phenyl 4-carbamimidamidobenzoate,CN(C)C(=O)COC(=O)CC1=CC=C(OC(=O)C2=CC=C(NC(N)=N)C=C2)C=C1,C20H22N4O5
,,,,,,,,,,
,,,,,,,,,,
,,,,,,,,,,
,,,,,,,,,,
,,,,,,,,,,
,,,,,,,,,,
,,,,,,,,,,
,,,,,,,,,,
,,,,,,,,,,
,,,,,,,,,,
,,,,,,,,,,
,,,,,,,,,,
,,,,,,,,,,
,,,,,,,,,,
,,,,,,,,,,
,,,,,,,,,,
,,,,,,,,,,
,,,,,,,,,,
,,,,,,,,,,
,,,,,,,,,,
,,,,,,,,,,
,,,,,,,,,,
,,,,,,,,,,
,,,,,,,,,,
,,,,,,,,,,
,,,,,,,,,,
,,,,,,,,,,
,,,,,,,,,,
,,,,,,,,,,
,,,,,,,,,,
,,,,,,,,,,
,,,,,,,,,,
,,,,,,,,,,
,,,,,,,,,,
,,,,,,,,,,
,,,,,,,,,,
